cell_id,centroid_lon,centroid_lat,area_m2,mean_elevation_m,mean_slope_deg,relative_elevation_m,population_estimate,population_source,built_up_fraction,tree_cover_fraction,grass_vegetation_fraction,cropland_fraction,surface_water_fraction,bare_sparse_fraction,vegetation_fraction,runoff_pressure_proxy,runoff_pressure_label,drainage_stress_proxy,drainage_stress_label,rainfall_context_id,hazard_max,rwh_opportunity,drainage_corridor_proxy,restoration_opportunity,worldcover_pixels,equity_score,equity_score_reason,complete_terrain,complete_worldpop,complete_worldcover,complete_osm_buildings
0,118.885,32.08,1049650.6,26.5,1.49,2.4,815.02,WorldPop 2026 population estimate,0.0661,0.9091,0.0248,0.0,0.0,0.0,0.9339,0.1988,land-cover-derived screening proxy,0.2228,terrain-derived screening proxy,nasa_power_daily_presets,Baja,0.2496,0.306,0.8224,121,,intentionally unsupported — no fabricated Chinese equity layer,True,True,True,False
1,118.895,32.08,1049650.6,17.5,2.23,11.4,1312.17,WorldPop 2026 population estimate,0.6364,0.2645,0.0,0.0165,0.0,0.0826,0.2645,0.6318,land-cover-derived screening proxy,0.496,terrain-derived screening proxy,nasa_power_daily_presets,Media,0.6773,0.4972,0.2443,121,,intentionally unsupported — no fabricated Chinese equity layer,True,True,True,False
2,118.905,32.08,1049650.6,26.0,3.7,2.9,587.6,WorldPop 2026 population estimate,0.8099,0.1736,0.0,0.0165,0.0,0.0,0.1736,0.7202,land-cover-derived screening proxy,0.4738,terrain-derived screening proxy,nasa_power_daily_presets,Media,0.8074,0.4816,0.1826,121,,intentionally unsupported — no fabricated Chinese equity layer,True,True,True,False
3,118.915,32.08,1049650.6,31.75,3.53,-2.85,308.89,WorldPop 2026 population estimate,0.3058,0.3223,0.0992,0.2727,0.0,0.0,0.4215,0.4285,land-cover-derived screening proxy,0.3118,terrain-derived screening proxy,nasa_power_daily_presets,Baja,0.4293,0.3682,0.3856,121,,intentionally unsupported — no fabricated Chinese equity layer,True,True,True,False
4,118.925,32.08,1049650.6,35.0,3.89,-6.1,152.77,WorldPop 2026 population estimate,0.9008,0.0083,0.0909,0.0,0.0,0.0,0.0992,0.7897,land-cover-derived screening proxy,0.4696,terrain-derived screening proxy,nasa_power_daily_presets,Media,0.8756,0.4787,0.1436,121,,intentionally unsupported — no fabricated Chinese equity layer,True,True,True,False
5,118.935,32.08,1049650.6,34.0,1.49,-5.1,175.58,WorldPop 2026 population estimate,0.9669,0.0,0.0,0.0331,0.0,0.0,0.0,0.8335,land-cover-derived screening proxy,0.4781,terrain-derived screening proxy,nasa_power_daily_presets,Media,0.9252,0.4847,0.1,121,,intentionally unsupported — no fabricated Chinese equity layer,True,True,True,False
6,118.945,32.08,1049650.6,11.75,2.38,17.15,587.96,WorldPop 2026 population estimate,0.8926,0.0165,0.0,0.0909,0.0,0.0,0.0165,0.793,land-cover-derived screening proxy,0.6168,terrain-derived screening proxy,nasa_power_daily_presets,Media,0.8694,0.5817,0.1073,121,,intentionally unsupported — no fabricated Chinese equity layer,True,True,True,False
7,118.955,32.08,1049650.6,10.25,1.85,18.65,139.4,WorldPop 2026 population estimate,0.0,0.0413,0.2314,0.7273,0.0,0.0,0.2727,0.3186,land-cover-derived screening proxy,0.4128,terrain-derived screening proxy,nasa_power_daily_presets,Media,0.2,0.439,0.3182,121,,intentionally unsupported — no fabricated Chinese equity layer,True,True,True,False
8,118.965,32.08,1049650.6,39.75,9.49,-10.85,28.96,WorldPop 2026 population estimate,0.0,1.0,0.0,0.0,0.0,0.0,1.0,0.15,land-cover-derived screening proxy,0.2027,terrain-derived screening proxy,nasa_power_daily_presets,Baja,0.2,0.2919,0.9,121,,intentionally unsupported — no fabricated Chinese equity layer,True,True,True,False
9,118.975,32.08,1049650.6,29.0,1.39,-0.1,0.0,WorldPop 2026 population estimate,0.0,1.0,0.0,0.0,0.0,0.0,1.0,0.15,land-cover-derived screening proxy,0.1803,terrain-derived screening proxy,nasa_power_daily_presets,Baja,0.2,0.2762,0.9,66,,intentionally unsupported — no fabricated Chinese equity layer,True,True,True,False
10,118.885,32.09,1049650.6,32.5,1.19,-3.6,3098.76,WorldPop 2026 population estimate,0.7273,0.2727,0.0,0.0,0.0,0.0,0.2727,0.6591,land-cover-derived screening proxy,0.4011,terrain-derived screening proxy,nasa_power_daily_presets,Media,0.7455,0.4308,0.2388,121,,intentionally unsupported — no fabricated Chinese equity layer,True,True,True,False
11,118.895,32.09,1049650.6,28.0,0.55,0.9,2976.02,WorldPop 2026 population estimate,0.9008,0.0992,0.0,0.0,0.0,0.0,0.0992,0.7806,land-cover-derived screening proxy,0.4671,terrain-derived screening proxy,nasa_power_daily_presets,Media,0.8756,0.4769,0.1436,121,,intentionally unsupported — no fabricated Chinese equity layer,True,True,True,False
12,118.905,32.09,1049650.6,24.0,2.38,4.9,1927.97,WorldPop 2026 population estimate,0.6694,0.3223,0.0083,0.0,0.0,0.0,0.3306,0.6194,land-cover-derived screening proxy,0.4376,terrain-derived screening proxy,nasa_power_daily_presets,Media,0.7021,0.4563,0.2759,121,,intentionally unsupported — no fabricated Chinese equity layer,True,True,True,False
13,118.915,32.09,1049650.6,21.75,1.43,7.15,1104.56,WorldPop 2026 population estimate,0.8099,0.0579,0.0,0.0,0.0,0.1322,0.0579,0.7698,land-cover-derived screening proxy,0.5187,terrain-derived screening proxy,nasa_power_daily_presets,Media,0.8074,0.5131,0.1275,121,,intentionally unsupported — no fabricated Chinese equity layer,True,True,True,False
14,118.925,32.09,1049650.6,25.5,3.4,3.4,1989.29,WorldPop 2026 population estimate,0.7355,0.2645,0.0,0.0,0.0,0.0,0.2645,0.6649,land-cover-derived screening proxy,0.4513,terrain-derived screening proxy,nasa_power_daily_presets,Media,0.7517,0.4659,0.2338,121,,intentionally unsupported — no fabricated Chinese equity layer,True,True,True,False
15,118.935,32.09,1049650.6,67.0,4.23,-38.1,25.24,WorldPop 2026 population estimate,0.0579,0.6364,0.0992,0.2066,0.0,0.0,0.7355,0.2417,land-cover-derived screening proxy,0.1589,terrain-derived screening proxy,nasa_power_daily_presets,Baja,0.2434,0.2612,0.6714,121,,intentionally unsupported — no fabricated Chinese equity layer,True,True,True,False
16,118.945,32.09,1049650.6,39.0,13.64,-10.1,68.88,WorldPop 2026 population estimate,0.0,0.4215,0.4215,0.157,0.0,0.0,0.843,0.2236,land-cover-derived screening proxy,0.2602,terrain-derived screening proxy,nasa_power_daily_presets,Baja,0.2,0.3321,0.7744,121,,intentionally unsupported — no fabricated Chinese equity layer,True,True,True,False
17,118.955,32.09,1049650.6,14.5,5.71,14.4,399.39,WorldPop 2026 population estimate,0.4463,0.0909,0.0,0.3802,0.0,0.0826,0.0909,0.5715,land-cover-derived screening proxy,0.5128,terrain-derived screening proxy,nasa_power_daily_presets,Media,0.5347,0.5089,0.1565,121,,intentionally unsupported — no fabricated Chinese equity layer,True,True,True,False
18,118.965,32.09,1049650.6,13.5,2.19,15.4,119.94,WorldPop 2026 population estimate,0.0413,0.0496,0.6612,0.0661,0.0,0.1818,0.7107,0.331,land-cover-derived screening proxy,0.3934,terrain-derived screening proxy,nasa_power_daily_presets,Baja,0.231,0.4254,0.6568,121,,intentionally unsupported — no fabricated Chinese equity layer,True,True,True,False
19,118.975,32.09,1049650.6,51.5,6.72,-22.6,43.24,WorldPop 2026 population estimate,0.0606,0.8182,0.0455,0.0758,0.0,0.0,0.8636,0.2121,land-cover-derived screening proxy,0.1912,terrain-derived screening proxy,nasa_power_daily_presets,Baja,0.2455,0.2838,0.77,66,,intentionally unsupported — no fabricated Chinese equity layer,True,True,True,False
20,118.885,32.1,1049650.6,30.25,1.08,-1.35,1156.81,WorldPop 2026 population estimate,0.1901,0.1074,0.5455,0.1074,0.0,0.0496,0.6529,0.3789,land-cover-derived screening proxy,0.279,terrain-derived screening proxy,nasa_power_daily_presets,Baja,0.3426,0.3453,0.5727,121,,intentionally unsupported — no fabricated Chinese equity layer,True,True,True,False
21,118.895,32.1,1049650.6,24.25,3.28,4.65,1729.92,WorldPop 2026 population estimate,0.7025,0.2975,0.0,0.0,0.0,0.0,0.2975,0.6417,land-cover-derived screening proxy,0.4506,terrain-derived screening proxy,nasa_power_daily_presets,Media,0.7269,0.4654,0.2544,121,,intentionally unsupported — no fabricated Chinese equity layer,True,True,True,False
22,118.905,32.1,1049650.6,20.25,1.19,8.65,2314.72,WorldPop 2026 population estimate,0.8595,0.1405,0.0,0.0,0.0,0.0,0.1405,0.7517,land-cover-derived screening proxy,0.5215,terrain-derived screening proxy,nasa_power_daily_presets,Media,0.8446,0.5151,0.1641,121,,intentionally unsupported — no fabricated Chinese equity layer,True,True,True,False
23,118.915,32.1,1049650.6,14.5,4.01,14.4,3045.78,WorldPop 2026 population estimate,0.8595,0.1405,0.0,0.0,0.0,0.0,0.1405,0.7517,land-cover-derived screening proxy,0.5845,terrain-derived screening proxy,nasa_power_daily_presets,Media,0.8446,0.5591,0.1641,121,,intentionally unsupported — no fabricated Chinese equity layer,True,True,True,False
24,118.925,32.1,1049650.6,10.75,2.98,18.15,792.59,WorldPop 2026 population estimate,0.6446,0.0826,0.2727,0.0,0.0,0.0,0.3554,0.6285,land-cover-derived screening proxy,0.5544,terrain-derived screening proxy,nasa_power_daily_presets,Media,0.6835,0.538,0.2927,121,,intentionally unsupported — no fabricated Chinese equity layer,True,True,True,False
25,118.935,32.1,1049650.6,15.5,3.89,13.4,1426.05,WorldPop 2026 population estimate,0.9421,0.0083,0.0496,0.0,0.0,0.0,0.0579,0.8145,land-cover-derived screening proxy,0.6038,terrain-derived screening proxy,nasa_power_daily_presets,Media,0.9066,0.5727,0.1245,121,,intentionally unsupported — no fabricated Chinese equity layer,True,True,True,False
26,118.945,32.1,1049650.6,90.0,14.01,-61.1,21.23,WorldPop 2026 population estimate,0.0,1.0,0.0,0.0,0.0,0.0,1.0,0.15,land-cover-derived screening proxy,0.1446,terrain-derived screening proxy,nasa_power_daily_presets,Baja,0.2,0.2512,0.9,121,,intentionally unsupported — no fabricated Chinese equity layer,True,True,True,False
27,118.955,32.1,1049650.6,13.25,0.46,15.65,138.4,WorldPop 2026 population estimate,0.0,0.3967,0.1157,0.4876,0.0,0.0,0.5124,0.2591,land-cover-derived screening proxy,0.3536,terrain-derived screening proxy,nasa_power_daily_presets,Baja,0.2,0.3975,0.5099,121,,intentionally unsupported — no fabricated Chinese equity layer,True,True,True,False
28,118.965,32.1,1049650.6,25.25,4.93,3.65,42.86,WorldPop 2026 population estimate,0.0,0.9917,0.0083,0.0,0.0,0.0,1.0,0.1508,land-cover-derived screening proxy,0.2305,terrain-derived screening proxy,nasa_power_daily_presets,Baja,0.2,0.3113,0.9,121,,intentionally unsupported — no fabricated Chinese equity layer,True,True,True,False
29,118.975,32.1,1049650.6,24.25,4.47,4.65,133.26,WorldPop 2026 population estimate,0.0303,0.0,0.6212,0.3485,0.0,0.0,0.6212,0.303,land-cover-derived screening proxy,0.3047,terrain-derived screening proxy,nasa_power_daily_presets,Baja,0.2227,0.3633,0.5894,66,,intentionally unsupported — no fabricated Chinese equity layer,True,True,True,False
30,118.885,32.11,1049650.6,28.5,3.86,0.4,399.43,WorldPop 2026 population estimate,0.6364,0.2562,0.0579,0.0,0.0,0.0496,0.314,0.6211,land-cover-derived screening proxy,0.4094,terrain-derived screening proxy,nasa_power_daily_presets,Media,0.6773,0.4366,0.2713,121,,intentionally unsupported — no fabricated Chinese equity layer,True,True,True,False
31,118.895,32.11,1049650.6,26.0,0.93,2.9,717.15,WorldPop 2026 population estimate,0.1074,0.0083,0.562,0.2479,0.0,0.0744,0.5702,0.3607,land-cover-derived screening proxy,0.2967,terrain-derived screening proxy,nasa_power_daily_presets,Baja,0.2806,0.3577,0.5317,121,,intentionally unsupported — no fabricated Chinese equity layer,True,True,True,False
32,118.905,32.11,1049650.6,44.5,10.77,-15.6,60.03,WorldPop 2026 population estimate,0.0,0.9917,0.0,0.0083,0.0,0.0,0.9917,0.1517,land-cover-derived screening proxy,0.2007,terrain-derived screening proxy,nasa_power_daily_presets,Baja,0.2,0.2905,0.8934,121,,intentionally unsupported — no fabricated Chinese equity layer,True,True,True,False
33,118.915,32.11,1049650.6,25.75,3.56,3.15,1352.43,WorldPop 2026 population estimate,0.8512,0.1405,0.0,0.0,0.0,0.0083,0.1405,0.7492,land-cover-derived screening proxy,0.4881,terrain-derived screening proxy,nasa_power_daily_presets,Media,0.8384,0.4916,0.1646,121,,intentionally unsupported — no fabricated Chinese equity layer,True,True,True,False
34,118.925,32.11,1049650.6,18.0,5.42,10.9,1381.83,WorldPop 2026 population estimate,0.9835,0.0,0.0,0.0165,0.0,0.0,0.0,0.8417,land-cover-derived screening proxy,0.6039,terrain-derived screening proxy,nasa_power_daily_presets,Media,0.9376,0.5727,0.1,121,,intentionally unsupported — no fabricated Chinese equity layer,True,True,True,False
35,118.935,32.11,1049650.6,21.0,7.84,7.9,52.53,WorldPop 2026 population estimate,0.0,1.0,0.0,0.0,0.0,0.0,1.0,0.15,land-cover-derived screening proxy,0.2812,terrain-derived screening proxy,nasa_power_daily_presets,Baja,0.2,0.3468,0.9,121,,intentionally unsupported — no fabricated Chinese equity layer,True,True,True,False
36,118.945,32.11,1049650.6,7.0,0.55,21.9,80.28,WorldPop 2026 population estimate,0.562,0.2231,0.1157,0.0,0.0496,0.0496,0.3388,0.5698,land-cover-derived screening proxy,0.5455,terrain-derived screening proxy,nasa_power_daily_presets,Media,0.6215,0.5393,0.2949,121,,intentionally unsupported — no fabricated Chinese equity layer,True,True,True,False
37,118.955,32.11,1049650.6,11.0,0.55,17.9,1880.16,WorldPop 2026 population estimate,1.0,0.0,0.0,0.0,0.0,0.0,0.0,0.85,land-cover-derived screening proxy,0.6386,terrain-derived screening proxy,nasa_power_daily_presets,Media,0.95,0.597,0.1,121,,intentionally unsupported — no fabricated Chinese equity layer,True,True,True,False
38,118.965,32.11,1049650.6,95.75,16.32,-66.85,75.23,WorldPop 2026 population estimate,0.0,1.0,0.0,0.0,0.0,0.0,1.0,0.15,land-cover-derived screening proxy,0.1573,terrain-derived screening proxy,nasa_power_daily_presets,Baja,0.2,0.2601,0.9,121,,intentionally unsupported — no fabricated Chinese equity layer,True,True,True,False
39,118.975,32.11,1049650.6,80.5,4.75,-51.6,0.0,WorldPop 2026 population estimate,0.0,1.0,0.0,0.0,0.0,0.0,1.0,0.15,land-cover-derived screening proxy,0.0936,terrain-derived screening proxy,nasa_power_daily_presets,Baja,0.2,0.2155,0.9,66,,intentionally unsupported — no fabricated Chinese equity layer,True,True,True,False
40,118.885,32.12,1049650.6,23.0,0.0,5.9,1509.38,WorldPop 2026 population estimate,1.0,0.0,0.0,0.0,0.0,0.0,0.0,0.85,land-cover-derived screening proxy,0.5365,terrain-derived screening proxy,nasa_power_daily_presets,Media,0.95,0.5256,0.1,121,,intentionally unsupported — no fabricated Chinese equity layer,True,True,True,False
41,118.895,32.12,1049650.6,24.5,3.3,4.4,807.48,WorldPop 2026 population estimate,0.3223,0.314,0.0579,0.3058,0.0,0.0,0.3719,0.4426,land-cover-derived screening proxy,0.359,terrain-derived screening proxy,nasa_power_daily_presets,Baja,0.4417,0.4013,0.3496,121,,intentionally unsupported — no fabricated Chinese equity layer,True,True,True,False
42,118.905,32.12,1049650.6,38.75,8.42,-9.85,683.1,WorldPop 2026 population estimate,0.4711,0.4711,0.0,0.0579,0.0,0.0,0.4711,0.4913,land-cover-derived screening proxy,0.3525,terrain-derived screening proxy,nasa_power_daily_presets,Baja,0.5533,0.3968,0.3881,121,,intentionally unsupported — no fabricated Chinese equity layer,True,True,True,False
43,118.915,32.12,1049650.6,23.75,4.3,5.15,486.32,WorldPop 2026 population estimate,0.0413,0.0,0.0413,0.9174,0.0,0.0,0.0413,0.3665,land-cover-derived screening proxy,0.3365,terrain-derived screening proxy,nasa_power_daily_presets,Baja,0.231,0.3855,0.1324,121,,intentionally unsupported — no fabricated Chinese equity layer,True,True,True,False
44,118.925,32.12,1049650.6,12.5,2.15,16.4,995.46,WorldPop 2026 population estimate,0.5041,0.0,0.2149,0.281,0.0,0.0,0.2149,0.5806,land-cover-derived screening proxy,0.5138,terrain-derived screening proxy,nasa_power_daily_presets,Media,0.5781,0.5096,0.2286,121,,intentionally unsupported — no fabricated Chinese equity layer,True,True,True,False
45,118.935,32.12,1049650.6,16.5,1.43,12.4,679.39,WorldPop 2026 population estimate,0.4298,0.2314,0.0331,0.3058,0.0,0.0,0.2645,0.5153,land-cover-derived screening proxy,0.4474,terrain-derived screening proxy,nasa_power_daily_presets,Media,0.5223,0.4632,0.2661,121,,intentionally unsupported — no fabricated Chinese equity layer,True,True,True,False
46,118.945,32.12,1049650.6,9.25,1.09,19.65,196.6,WorldPop 2026 population estimate,0.5289,0.0248,0.3223,0.124,0.0,0.0,0.3471,0.5773,land-cover-derived screening proxy,0.5333,terrain-derived screening proxy,nasa_power_daily_presets,Media,0.5967,0.5233,0.3042,121,,intentionally unsupported — no fabricated Chinese equity layer,True,True,True,False
47,118.955,32.12,1049650.6,26.75,8.75,2.15,553.11,WorldPop 2026 population estimate,0.8347,0.1653,0.0,0.0,0.0,0.0,0.1653,0.7343,land-cover-derived screening proxy,0.5017,terrain-derived screening proxy,nasa_power_daily_presets,Media,0.826,0.5012,0.177,121,,intentionally unsupported — no fabricated Chinese equity layer,True,True,True,False
48,118.965,32.12,1049650.6,26.0,3.76,2.9,394.68,WorldPop 2026 population estimate,0.6612,0.3388,0.0,0.0,0.0,0.0,0.3388,0.6128,land-cover-derived screening proxy,0.4258,terrain-derived screening proxy,nasa_power_daily_presets,Media,0.6959,0.448,0.2815,121,,intentionally unsupported — no fabricated Chinese equity layer,True,True,True,False
49,118.975,32.12,1049650.6,18.5,0.72,10.4,510.45,WorldPop 2026 population estimate,0.1212,0.4697,0.1061,0.303,0.0,0.0,0.5758,0.3061,land-cover-derived screening proxy,0.3328,terrain-derived screening proxy,nasa_power_daily_presets,Baja,0.2909,0.383,0.5327,66,,intentionally unsupported — no fabricated Chinese equity layer,True,True,True,False
50,118.885,32.13,1049650.6,34.75,3.06,-5.85,2534.34,WorldPop 2026 population estimate,0.6116,0.1074,0.0,0.1157,0.0,0.1653,0.1074,0.6674,land-cover-derived screening proxy,0.4105,terrain-derived screening proxy,nasa_power_daily_presets,Media,0.6587,0.4373,0.1597,121,,intentionally unsupported — no fabricated Chinese equity layer,True,True,True,False
51,118.895,32.13,1049650.6,19.0,2.59,9.9,482.25,WorldPop 2026 population estimate,0.0826,0.0083,0.0165,0.8926,0.0,0.0,0.0248,0.388,land-cover-derived screening proxy,0.3759,terrain-derived screening proxy,nasa_power_daily_presets,Baja,0.262,0.4131,0.119,121,,intentionally unsupported — no fabricated Chinese equity layer,True,True,True,False
52,118.905,32.13,1049650.6,27.25,3.63,1.65,803.67,WorldPop 2026 population estimate,0.9504,0.0496,0.0,0.0,0.0,0.0,0.0496,0.8153,land-cover-derived screening proxy,0.5058,terrain-derived screening proxy,nasa_power_daily_presets,Media,0.9128,0.5041,0.1208,121,,intentionally unsupported — no fabricated Chinese equity layer,True,True,True,False
53,118.915,32.13,1049650.6,29.5,3.74,-0.6,125.48,WorldPop 2026 population estimate,0.0579,0.7273,0.0,0.0331,0.1074,0.0744,0.7273,0.2161,land-cover-derived screening proxy,0.222,terrain-derived screening proxy,nasa_power_daily_presets,Baja,0.2434,0.3215,0.665,121,,intentionally unsupported — no fabricated Chinese equity layer,True,True,True,False
54,118.925,32.13,1049650.6,21.25,1.08,7.65,427.41,WorldPop 2026 population estimate,0.0826,0.8347,0.0413,0.0413,0.0,0.0,0.876,0.2202,land-cover-derived screening proxy,0.2735,terrain-derived screening proxy,nasa_power_daily_presets,Baja,0.262,0.3415,0.7719,121,,intentionally unsupported — no fabricated Chinese equity layer,True,True,True,False
55,118.935,32.13,1049650.6,8.5,0.72,20.4,1101.84,WorldPop 2026 population estimate,0.6446,0.2893,0.0,0.0661,0.0,0.0,0.2893,0.6145,land-cover-derived screening proxy,0.5541,terrain-derived screening proxy,nasa_power_daily_presets,Media,0.6835,0.5379,0.2568,121,,intentionally unsupported — no fabricated Chinese equity layer,True,True,True,False
56,118.945,32.13,1049650.6,19.0,10.02,9.9,46.69,WorldPop 2026 population estimate,0.0165,0.1983,0.5207,0.2645,0.0,0.0,0.719,0.2665,land-cover-derived screening proxy,0.3621,terrain-derived screening proxy,nasa_power_daily_presets,Baja,0.2124,0.4035,0.6705,121,,intentionally unsupported — no fabricated Chinese equity layer,True,True,True,False
57,118.955,32.13,1049650.6,27.25,11.81,1.65,375.26,WorldPop 2026 population estimate,0.4959,0.4876,0.0,0.0,0.0165,0.0,0.4876,0.4955,land-cover-derived screening proxy,0.4069,terrain-derived screening proxy,nasa_power_daily_presets,Media,0.5719,0.4373,0.3934,121,,intentionally unsupported — no fabricated Chinese equity layer,True,True,True,False
58,118.965,32.13,1049650.6,28.0,2.19,0.9,96.39,WorldPop 2026 population estimate,0.2479,0.1818,0.4132,0.157,0.0,0.0,0.595,0.3963,land-cover-derived screening proxy,0.3032,terrain-derived screening proxy,nasa_power_daily_presets,Baja,0.386,0.3622,0.517,121,,intentionally unsupported — no fabricated Chinese equity layer,True,True,True,False
59,118.975,32.13,1049650.6,12.75,1.19,16.15,1084.86,WorldPop 2026 population estimate,0.7121,0.0758,0.1515,0.0152,0.0,0.0455,0.2273,0.6848,land-cover-derived screening proxy,0.5533,terrain-derived screening proxy,nasa_power_daily_presets,Media,0.7341,0.5373,0.2171,66,,intentionally unsupported — no fabricated Chinese equity layer,True,True,True,False
60,118.885,32.14,1049650.6,28.0,6.79,0.9,263.81,WorldPop 2026 population estimate,0.5372,0.0248,0.2727,0.1488,0.0,0.0165,0.2975,0.5897,land-cover-derived screening proxy,0.4155,terrain-derived screening proxy,nasa_power_daily_presets,Media,0.6029,0.4408,0.2741,121,,intentionally unsupported — no fabricated Chinese equity layer,True,True,True,False
61,118.895,32.14,1049650.6,24.0,5.99,4.9,424.71,WorldPop 2026 population estimate,0.9091,0.0165,0.0413,0.0,0.0,0.0331,0.0579,0.8037,land-cover-derived screening proxy,0.5404,terrain-derived screening proxy,nasa_power_daily_presets,Media,0.8818,0.5283,0.1252,121,,intentionally unsupported — no fabricated Chinese equity layer,True,True,True,False
62,118.905,32.14,1049650.6,23.25,2.15,5.65,358.5,WorldPop 2026 population estimate,0.3636,0.0,0.0,0.0165,0.0,0.6198,0.0,0.6558,land-cover-derived screening proxy,0.4589,terrain-derived screening proxy,nasa_power_daily_presets,Media,0.4727,0.4712,0.1,121,,intentionally unsupported — no fabricated Chinese equity layer,True,True,True,False
63,118.915,32.14,1049650.6,15.75,3.18,13.15,618.78,WorldPop 2026 population estimate,0.438,0.281,0.1157,0.1653,0.0,0.0,0.3967,0.5012,land-cover-derived screening proxy,0.4569,terrain-derived screening proxy,nasa_power_daily_presets,Media,0.5285,0.4698,0.3479,121,,intentionally unsupported — no fabricated Chinese equity layer,True,True,True,False
64,118.925,32.14,1049650.6,38.25,1.7,-9.35,312.4,WorldPop 2026 population estimate,0.8926,0.1074,0.0,0.0,0.0,0.0,0.1074,0.7748,land-cover-derived screening proxy,0.4441,terrain-derived screening proxy,nasa_power_daily_presets,Media,0.8694,0.4609,0.1476,121,,intentionally unsupported — no fabricated Chinese equity layer,True,True,True,False
65,118.935,32.14,1049650.6,71.0,16.56,-42.1,72.18,WorldPop 2026 population estimate,0.0,1.0,0.0,0.0,0.0,0.0,1.0,0.15,land-cover-derived screening proxy,0.1771,terrain-derived screening proxy,nasa_power_daily_presets,Baja,0.2,0.274,0.9,121,,intentionally unsupported — no fabricated Chinese equity layer,True,True,True,False
66,118.945,32.14,1049650.6,13.75,6.58,15.15,287.6,WorldPop 2026 population estimate,0.8926,0.0,0.0,0.0,0.0,0.1074,0.0,0.8178,land-cover-derived screening proxy,0.6345,terrain-derived screening proxy,nasa_power_daily_presets,Media,0.8694,0.5942,0.1,121,,intentionally unsupported — no fabricated Chinese equity layer,True,True,True,False
67,118.955,32.14,1049650.6,29.25,8.93,-0.35,26.25,WorldPop 2026 population estimate,0.0,1.0,0.0,0.0,0.0,0.0,1.0,0.15,land-cover-derived screening proxy,0.2213,terrain-derived screening proxy,nasa_power_daily_presets,Baja,0.2,0.3049,0.9,121,,intentionally unsupported — no fabricated Chinese equity layer,True,True,True,False
68,118.965,32.14,1049650.6,24.0,4.2,4.9,162.54,WorldPop 2026 population estimate,0.6529,0.281,0.0331,0.0331,0.0,0.0,0.314,0.6169,land-cover-derived screening proxy,0.4465,terrain-derived screening proxy,nasa_power_daily_presets,Media,0.6897,0.4626,0.2692,121,,intentionally unsupported — no fabricated Chinese equity layer,True,True,True,False
69,118.975,32.14,1049650.6,61.25,14.23,-32.35,16.02,WorldPop 2026 population estimate,0.1667,0.4545,0.0909,0.2879,0.0,0.0,0.5455,0.3333,land-cover-derived screening proxy,0.2669,terrain-derived screening proxy,nasa_power_daily_presets,Baja,0.325,0.3368,0.5,66,,intentionally unsupported — no fabricated Chinese equity layer,True,True,True,False
70,118.885,32.15,1049650.6,38.75,1.85,-9.85,185.78,WorldPop 2026 population estimate,0.6818,0.0,0.0,0.3182,0.0,0.0,0.0,0.6909,land-cover-derived screening proxy,0.4062,terrain-derived screening proxy,nasa_power_daily_presets,Media,0.7114,0.4343,0.1,66,,intentionally unsupported — no fabricated Chinese equity layer,True,True,True,False
71,118.895,32.15,1049650.6,23.5,1.19,5.4,215.11,WorldPop 2026 population estimate,0.7727,0.0758,0.0606,0.0455,0.0,0.0455,0.1364,0.7242,land-cover-derived screening proxy,0.4824,terrain-derived screening proxy,nasa_power_daily_presets,Media,0.7795,0.4877,0.1669,66,,intentionally unsupported — no fabricated Chinese equity layer,True,True,True,False
72,118.905,32.15,1049650.6,27.0,3.42,1.9,391.03,WorldPop 2026 population estimate,0.6364,0.0,0.3636,0.0,0.0,0.0,0.3636,0.6318,land-cover-derived screening proxy,0.4242,terrain-derived screening proxy,nasa_power_daily_presets,Media,0.6773,0.4469,0.2983,66,,intentionally unsupported — no fabricated Chinese equity layer,True,True,True,False
73,118.915,32.15,1049650.6,24.75,1.88,4.15,621.04,WorldPop 2026 population estimate,0.9848,0.0152,0.0,0.0,0.0,0.0,0.0152,0.8394,land-cover-derived screening proxy,0.5277,terrain-derived screening proxy,nasa_power_daily_presets,Media,0.9386,0.5194,0.1062,66,,intentionally unsupported — no fabricated Chinese equity layer,True,True,True,False
74,118.925,32.15,1049650.6,18.0,2.38,10.9,291.18,WorldPop 2026 population estimate,0.697,0.303,0.0,0.0,0.0,0.0,0.303,0.6379,land-cover-derived screening proxy,0.4954,terrain-derived screening proxy,nasa_power_daily_presets,Media,0.7227,0.4968,0.2579,66,,intentionally unsupported — no fabricated Chinese equity layer,True,True,True,False
75,118.935,32.15,1049650.6,28.5,3.91,0.4,182.34,WorldPop 2026 population estimate,0.0152,0.0909,0.1061,0.7879,0.0,0.0,0.197,0.3288,land-cover-derived screening proxy,0.2781,terrain-derived screening proxy,nasa_power_daily_presets,Baja,0.2114,0.3447,0.2564,66,,intentionally unsupported — no fabricated Chinese equity layer,True,True,True,False
76,118.945,32.15,1049650.6,8.25,2.15,20.65,165.71,WorldPop 2026 population estimate,0.7121,0.0,0.0758,0.2121,0.0,0.0,0.0758,0.6985,land-cover-derived screening proxy,0.6019,terrain-derived screening proxy,nasa_power_daily_presets,Media,0.7341,0.5713,0.139,66,,intentionally unsupported — no fabricated Chinese equity layer,True,True,True,False
77,118.955,32.15,1049650.6,51.5,8.45,-22.6,12.92,WorldPop 2026 population estimate,0.0,1.0,0.0,0.0,0.0,0.0,1.0,0.15,land-cover-derived screening proxy,0.1727,terrain-derived screening proxy,nasa_power_daily_presets,Baja,0.2,0.2709,0.9,66,,intentionally unsupported — no fabricated Chinese equity layer,True,True,True,False
78,118.965,32.15,1049650.6,70.0,14.68,-41.1,162.45,WorldPop 2026 population estimate,0.0152,0.7121,0.0,0.2727,0.0,0.0,0.7121,0.2152,land-cover-derived screening proxy,0.1982,terrain-derived screening proxy,nasa_power_daily_presets,Baja,0.2114,0.2887,0.6654,66,,intentionally unsupported — no fabricated Chinese equity layer,True,True,True,False
79,118.975,32.15,1049650.6,29.25,4.97,-0.35,33.79,WorldPop 2026 population estimate,0.1111,0.8889,0.0,0.0,0.0,0.0,0.8889,0.2278,land-cover-derived screening proxy,0.2345,terrain-derived screening proxy,nasa_power_daily_presets,Baja,0.2833,0.3142,0.7716,36,,intentionally unsupported — no fabricated Chinese equity layer,True,True,True,False
